path,game_key,asset_class,treatment,stages_run,colors_before,colors_after,lint_before_overall,lint_after_overall,final_status,triage,mean_color_distance_vs_previous_live,notes
src/Presentation/assets/sprites_16bf/items_16x16/oryx_16bit_fantasy_items_4001.png,club,item,fresh_pipeline,clean:no-op(0 partial-alpha at baseline);snap:applied fresh,15,15,,FAIL,nonconformant,retouch,,"{""A1"": ""PASS"", ""A2"": ""PASS"", ""A3"": ""PASS"", ""A4"": ""WARN"", ""A5"": ""WARN"", ""A6"": ""FAIL""}"
src/Presentation/assets/sprites_16bf/items_16x16/oryx_16bit_fantasy_items_4002.png,,item,fresh_pipeline,clean:no-op(0 partial-alpha at baseline);snap:applied fresh,8,8,,FAIL,nonconformant,retouch,,"{""A1"": ""PASS"", ""A2"": ""PASS"", ""A3"": ""PASS"", ""A4"": ""PASS"", ""A5"": ""PASS"", ""A6"": ""FAIL""}"
src/Presentation/assets/sprites_16bf/items_16x16/oryx_16bit_fantasy_items_4003.png,,item,fresh_pipeline,clean:no-op(0 partial-alpha at baseline);snap:applied fresh,21,21,,FAIL,nonconformant,redesign,,"{""A1"": ""PASS"", ""A2"": ""PASS"", ""A3"": ""PASS"", ""A4"": ""WARN"", ""A5"": ""WARN"", ""A6"": ""FAIL""}"
src/Presentation/assets/sprites_16bf/items_16x16/oryx_16bit_fantasy_items_4004.png,,item,fresh_pipeline,clean:no-op(0 partial-alpha at baseline);snap:applied fresh,10,10,,FAIL,nonconformant,retouch,,"{""A1"": ""PASS"", ""A2"": ""PASS"", ""A3"": ""PASS"", ""A4"": ""PASS"", ""A5"": ""WARN"", ""A6"": ""FAIL""}"
src/Presentation/assets/sprites_16bf/world_24x24/oryx_16bit_fantasy_world_3001.png,floor_worn,decal,tier3_skip_expected,none,,,,FAIL (not attempted),nonconformant,redesign,,
src/Presentation/assets/sprites_16bf/world_24x24/oryx_16bit_fantasy_world_5001.png,Anvil,prop,fresh_pipeline_own_art_after_rubric_reject,"clean:no-op(0 partial-alpha at baseline);snap:applied fresh (own original art, per 2026-07-16 rubric review)",23,23,,FAIL,nonconformant,redesign,,"{""A1"": ""PASS"", ""A2"": ""PASS"", ""A3"": ""PASS"", ""A4"": ""FAIL"", ""A5"": ""FAIL"", ""A6"": ""WARN""}"
src/Presentation/assets/sprites_16bf/world_24x24/oryx_16bit_fantasy_world_5002.png,Armor Stand,prop,fresh_pipeline_own_art_after_rubric_reject,"clean:no-op(0 partial-alpha at baseline);snap:applied fresh (own original art, per 2026-07-16 rubric review)",26,26,,FAIL,nonconformant,redesign,,"{""A1"": ""PASS"", ""A2"": ""PASS"", ""A3"": ""PASS"", ""A4"": ""FAIL"", ""A5"": ""WARN"", ""A6"": ""WARN""}"
src/Presentation/assets/sprites_16bf/world_24x24/oryx_16bit_fantasy_world_5005.png,Bucket,prop,fresh_pipeline_own_art_after_rubric_reject,"clean:no-op(0 partial-alpha at baseline);snap:applied fresh (own original art, per 2026-07-16 rubric review)",26,26,,FAIL,nonconformant,redesign,,"{""A1"": ""PASS"", ""A2"": ""PASS"", ""A3"": ""PASS"", ""A4"": ""FAIL"", ""A5"": ""FAIL"", ""A6"": ""WARN""}"
src/Presentation/assets/sprites_16bf/world_24x24/oryx_16bit_fantasy_world_5007.png,Chain,prop,fresh_pipeline_own_art_after_rubric_reject,"clean:no-op(0 partial-alpha at baseline);snap:applied fresh (own original art, per 2026-07-16 rubric review)",11,10,,WARN,conformant (WARN),,3.3,"{""A1"": ""PASS"", ""A2"": ""PASS"", ""A3"": ""PASS"", ""A4"": ""WARN"", ""A5"": ""PASS"", ""A6"": ""WARN""}"
src/Presentation/assets/sprites_16bf/world_24x24/oryx_16bit_fantasy_world_5008.png,Coal Pile,decal,fresh_pipeline_own_art_after_rubric_reject,"clean:no-op(0 partial-alpha at baseline);snap:applied fresh (own original art, per 2026-07-16 rubric review)",11,10,,WARN,conformant (WARN),,3.6,"{""A1"": ""PASS"", ""A2"": ""PASS"", ""A3"": ""PASS"", ""A4"": ""WARN"", ""A5"": ""PASS"", ""A6"": ""EXEMPT""}"
src/Presentation/assets/sprites_16bf/world_24x24/oryx_16bit_fantasy_world_5010.png,Drain,decal,fresh_pipeline_own_art_after_rubric_reject,"clean:no-op(0 partial-alpha at baseline);snap:applied fresh (own original art, per 2026-07-16 rubric review)",15,15,,FAIL,nonconformant,retouch,,"{""A1"": ""PASS"", ""A2"": ""PASS"", ""A3"": ""PASS"", ""A4"": ""FAIL"", ""A5"": ""WARN"", ""A6"": ""EXEMPT""}"
src/Presentation/assets/sprites_16bf/world_24x24/oryx_16bit_fantasy_world_5011.png,Forge,prop,fresh_pipeline_own_art_after_rubric_reject,"clean:no-op(0 partial-alpha at baseline);snap:applied fresh (own original art, per 2026-07-16 rubric review)",27,27,,FAIL,nonconformant,redesign,,"{""A1"": ""PASS"", ""A2"": ""PASS"", ""A3"": ""PASS"", ""A4"": ""FAIL"", ""A5"": ""WARN"", ""A6"": ""WARN""}"
src/Presentation/assets/sprites_16bf/world_24x24/oryx_16bit_fantasy_world_5012.png,Globe,prop,fresh_pipeline_own_art_after_rubric_reject,"clean:no-op(0 partial-alpha at baseline);snap:applied fresh (own original art, per 2026-07-16 rubric review)",31,31,,FAIL,nonconformant,redesign,,"{""A1"": ""PASS"", ""A2"": ""PASS"", ""A3"": ""PASS"", ""A4"": ""FAIL"", ""A5"": ""WARN"", ""A6"": ""WARN""}"
src/Presentation/assets/sprites_16bf/world_24x24/oryx_16bit_fantasy_world_5014.png,Grate,decal,fresh_pipeline_own_art_after_rubric_reject,"clean:no-op(0 partial-alpha at baseline);snap:applied fresh (own original art, per 2026-07-16 rubric review)",10,10,,WARN,conformant (WARN),,3.7,"{""A1"": ""PASS"", ""A2"": ""PASS"", ""A3"": ""PASS"", ""A4"": ""WARN"", ""A5"": ""WARN"", ""A6"": ""EXEMPT""}"
src/Presentation/assets/sprites_16bf/world_24x24/oryx_16bit_fantasy_world_5015.png,Iron Bars,prop,fresh_pipeline_own_art_after_rubric_reject,"clean:no-op(0 partial-alpha at baseline);snap:applied fresh (own original art, per 2026-07-16 rubric review)",13,10,,WARN,conformant (WARN),,7.6,"{""A1"": ""PASS"", ""A2"": ""PASS"", ""A3"": ""PASS"", ""A4"": ""WARN"", ""A5"": ""PASS"", ""A6"": ""WARN""}"
src/Presentation/assets/sprites_16bf/world_24x24/oryx_16bit_fantasy_world_5016.png,Moss,decal,fresh_pipeline_own_art_after_rubric_reject,"clean:no-op(0 partial-alpha at baseline);snap:applied fresh (own original art, per 2026-07-16 rubric review)",10,9,,WARN,conformant (WARN),,7.1,"{""A1"": ""PASS"", ""A2"": ""PASS"", ""A3"": ""PASS"", ""A4"": ""WARN"", ""A5"": ""PASS"", ""A6"": ""EXEMPT""}"
src/Presentation/assets/sprites_16bf/world_24x24/oryx_16bit_fantasy_world_5039.png,key_item,world_tile,staged_1to1,"phase2_staged(clean+snap already applied in commit 2b7c2e9); unaffected by 2026-07-16 rubric-review correction (low redesign distance, not rejected)",6,6,,PASS,conformant,,,"{""A1"": ""PASS"", ""A2"": ""PASS"", ""A3"": ""PASS"", ""A4"": ""PASS"", ""A5"": ""PASS"", ""A6"": ""EXEMPT""}"
src/Presentation/assets/sprites_16bf/world_24x24/oryx_16bit_fantasy_world_5051.png,chair,prop,fresh_pipeline,clean:no-op(0 partial-alpha at baseline);snap:applied fresh,21,10,,WARN,conformant (WARN),,12.2,"{""A1"": ""PASS"", ""A2"": ""PASS"", ""A3"": ""PASS"", ""A4"": ""WARN"", ""A5"": ""PASS"", ""A6"": ""WARN""}"
src/Presentation/assets/sprites_16bf/world_24x24/oryx_16bit_fantasy_world_5052.png,table,prop,fresh_pipeline,clean:no-op(0 partial-alpha at baseline);snap:applied fresh,15,10,,WARN,conformant (WARN),,16.0,"{""A1"": ""PASS"", ""A2"": ""PASS"", ""A3"": ""PASS"", ""A4"": ""WARN"", ""A5"": ""PASS"", ""A6"": ""WARN""}"
src/Presentation/assets/sprites_16bf/world_24x24/oryx_16bit_fantasy_world_5053.png,table,prop,fresh_pipeline,clean:no-op(0 partial-alpha at baseline);snap:applied fresh,30,23,,FAIL,nonconformant,redesign,,"{""A1"": ""PASS"", ""A2"": ""PASS"", ""A3"": ""PASS"", ""A4"": ""FAIL"", ""A5"": ""FAIL"", ""A6"": ""WARN""}"
src/Presentation/assets/sprites_16bf/world_24x24/oryx_16bit_fantasy_world_5054.png,table,prop,fresh_pipeline,clean:no-op(0 partial-alpha at baseline);snap:applied fresh,19,10,,WARN,conformant (WARN),,17.0,"{""A1"": ""PASS"", ""A2"": ""PASS"", ""A3"": ""PASS"", ""A4"": ""WARN"", ""A5"": ""PASS"", ""A6"": ""WARN""}"
src/Presentation/assets/sprites_16bf/world_24x24/oryx_16bit_fantasy_world_5055.png,table,prop,fresh_pipeline,clean:no-op(0 partial-alpha at baseline);snap:applied fresh,17,10,,WARN,conformant (WARN),,17.6,"{""A1"": ""PASS"", ""A2"": ""PASS"", ""A3"": ""PASS"", ""A4"": ""WARN"", ""A5"": ""PASS"", ""A6"": ""WARN""}"
src/Presentation/assets/sprites_16bf/world_24x24/oryx_16bit_fantasy_world_5056.png,chair,prop,fresh_pipeline,clean:no-op(0 partial-alpha at baseline);snap:applied fresh,20,10,,WARN,conformant (WARN),,13.7,"{""A1"": ""PASS"", ""A2"": ""PASS"", ""A3"": ""PASS"", ""A4"": ""WARN"", ""A5"": ""PASS"", ""A6"": ""WARN""}"
src/Presentation/assets/sprites_16bf/world_24x24/oryx_16bit_fantasy_world_5057.png,chair,prop,fresh_pipeline,clean:no-op(0 partial-alpha at baseline);snap:applied fresh,11,7,,WARN,conformant (WARN),,20.3,"{""A1"": ""PASS"", ""A2"": ""PASS"", ""A3"": ""PASS"", ""A4"": ""PASS"", ""A5"": ""PASS"", ""A6"": ""WARN""}"
src/Presentation/assets/sprites_16bf/world_24x24/oryx_16bit_fantasy_world_5058.png,bed,prop,fresh_pipeline,clean:no-op(0 partial-alpha at baseline);snap:applied fresh,20,10,,WARN,conformant (WARN),,14.2,"{""A1"": ""PASS"", ""A2"": ""PASS"", ""A3"": ""PASS"", ""A4"": ""WARN"", ""A5"": ""PASS"", ""A6"": ""WARN""}"
src/Presentation/assets/sprites_16bf/world_24x24/oryx_16bit_fantasy_world_5059.png,bed,prop,fresh_pipeline,clean:no-op(0 partial-alpha at baseline);snap:applied fresh,21,10,,WARN,conformant (WARN),,18.2,"{""A1"": ""PASS"", ""A2"": ""PASS"", ""A3"": ""PASS"", ""A4"": ""WARN"", ""A5"": ""PASS"", ""A6"": ""PASS""}"
src/Presentation/assets/sprites_16bf/world_24x24/oryx_16bit_fantasy_world_5060.png,bench,prop,fresh_pipeline,clean:no-op(0 partial-alpha at baseline);snap:applied fresh,20,10,,WARN,conformant (WARN),,13.2,"{""A1"": ""PASS"", ""A2"": ""PASS"", ""A3"": ""PASS"", ""A4"": ""WARN"", ""A5"": ""PASS"", ""A6"": ""WARN""}"
src/Presentation/assets/sprites_16bf/world_24x24/oryx_16bit_fantasy_world_5061.png,bench,prop,fresh_pipeline,clean:no-op(0 partial-alpha at baseline);snap:applied fresh,19,10,,WARN,conformant (WARN),,13.4,"{""A1"": ""PASS"", ""A2"": ""PASS"", ""A3"": ""PASS"", ""A4"": ""WARN"", ""A5"": ""PASS"", ""A6"": ""WARN""}"
src/Presentation/assets/sprites_16bf/world_24x24/oryx_16bit_fantasy_world_5062.png,desk,prop,fresh_pipeline,clean:no-op(0 partial-alpha at baseline);snap:applied fresh,22,15,,FAIL,nonconformant,retouch,,"{""A1"": ""PASS"", ""A2"": ""PASS"", ""A3"": ""PASS"", ""A4"": ""FAIL"", ""A5"": ""PASS"", ""A6"": ""WARN""}"
src/Presentation/assets/sprites_16bf/world_24x24/oryx_16bit_fantasy_world_5063.png,desk,prop,fresh_pipeline,clean:no-op(0 partial-alpha at baseline);snap:applied fresh,24,19,,FAIL,nonconformant,retouch,,"{""A1"": ""PASS"", ""A2"": ""PASS"", ""A3"": ""PASS"", ""A4"": ""FAIL"", ""A5"": ""PASS"", ""A6"": ""WARN""}"
src/Presentation/assets/sprites_16bf/world_24x24/oryx_16bit_fantasy_world_5064.png,desk,prop,fresh_pipeline,clean:no-op(0 partial-alpha at baseline);snap:applied fresh,19,10,,WARN,conformant (WARN),,15.2,"{""A1"": ""PASS"", ""A2"": ""PASS"", ""A3"": ""PASS"", ""A4"": ""WARN"", ""A5"": ""PASS"", ""A6"": ""PASS""}"
src/Presentation/assets/sprites_16bf/world_24x24/oryx_16bit_fantasy_world_5065.png,cage,prop,fresh_pipeline,clean:no-op(0 partial-alpha at baseline);snap:applied fresh,8,8,,WARN,conformant (WARN),,13.4,"{""A1"": ""PASS"", ""A2"": ""PASS"", ""A3"": ""PASS"", ""A4"": ""PASS"", ""A5"": ""WARN"", ""A6"": ""WARN""}"
src/Presentation/assets/sprites_16bf/world_24x24/oryx_16bit_fantasy_world_5066.png,cage,prop,fresh_pipeline,clean:no-op(0 partial-alpha at baseline);snap:applied fresh,6,6,,WARN,conformant (WARN),,11.3,"{""A1"": ""PASS"", ""A2"": ""PASS"", ""A3"": ""PASS"", ""A4"": ""PASS"", ""A5"": ""PASS"", ""A6"": ""WARN""}"
src/Presentation/assets/sprites_16bf/world_24x24/oryx_16bit_fantasy_world_5067.png,glowing_mushroom,prop,fresh_pipeline,clean:no-op(0 partial-alpha at baseline);snap:applied fresh,16,10,,WARN,conformant (WARN),,24.7,"{""A1"": ""PASS"", ""A2"": ""PASS"", ""A3"": ""PASS"", ""A4"": ""WARN"", ""A5"": ""PASS"", ""A6"": ""WARN""}"
src/Presentation/assets/sprites_16bf/world_24x24/oryx_16bit_fantasy_world_5068.png,glowing_mushroom,prop,fresh_pipeline,clean:no-op(0 partial-alpha at baseline);snap:applied fresh,21,10,,WARN,conformant (WARN),,19.0,"{""A1"": ""PASS"", ""A2"": ""PASS"", ""A3"": ""PASS"", ""A4"": ""WARN"", ""A5"": ""PASS"", ""A6"": ""WARN""}"
src/Presentation/assets/sprites_16bf/world_24x24/oryx_16bit_fantasy_world_5069.png,glowing_mushroom,prop,fresh_pipeline,clean:no-op(0 partial-alpha at baseline);snap:applied fresh,20,10,,WARN,conformant (WARN),,18.0,"{""A1"": ""PASS"", ""A2"": ""PASS"", ""A3"": ""PASS"", ""A4"": ""WARN"", ""A5"": ""PASS"", ""A6"": ""WARN""}"
src/Presentation/assets/sprites_16bf/world_24x24/oryx_16bit_fantasy_world_5070.png,mural_wood_cool,prop,fresh_pipeline_own_art_after_rubric_reject,"clean:no-op(0 partial-alpha at baseline);snap:applied fresh (own original art, per 2026-07-16 rubric review)",33,23,,FAIL,nonconformant,redesign,,"{""A1"": ""PASS"", ""A2"": ""PASS"", ""A3"": ""PASS"", ""A4"": ""FAIL"", ""A5"": ""FAIL"", ""A6"": ""WARN""}"
src/Presentation/assets/sprites_16bf/world_24x24/oryx_16bit_fantasy_world_5071.png,mural_gold_warm,prop,fresh_pipeline,clean:no-op(0 partial-alpha at baseline);snap:applied fresh,30,22,,FAIL,nonconformant,redesign,,"{""A1"": ""PASS"", ""A2"": ""PASS"", ""A3"": ""PASS"", ""A4"": ""FAIL"", ""A5"": ""WARN"", ""A6"": ""WARN""}"
src/Presentation/assets/sprites_16bf/world_24x24/oryx_16bit_fantasy_world_5072.png,mural_gold_warm,prop,fresh_pipeline,clean:no-op(0 partial-alpha at baseline);snap:applied fresh,16,10,,WARN,conformant (WARN),,15.8,"{""A1"": ""PASS"", ""A2"": ""PASS"", ""A3"": ""PASS"", ""A4"": ""WARN"", ""A5"": ""PASS"", ""A6"": ""WARN""}"
src/Presentation/assets/sprites_16bf/world_24x24/oryx_16bit_fantasy_world_5073.png,mural_gold_warm,prop,fresh_pipeline,clean:no-op(0 partial-alpha at baseline);snap:applied fresh,17,10,,WARN,conformant (WARN),,15.8,"{""A1"": ""PASS"", ""A2"": ""PASS"", ""A3"": ""PASS"", ""A4"": ""WARN"", ""A5"": ""PASS"", ""A6"": ""PASS""}"
src/Presentation/assets/sprites_16bf/world_24x24/oryx_16bit_fantasy_world_5074.png,mural_gold_warm,prop,fresh_pipeline,clean:no-op(0 partial-alpha at baseline);snap:applied fresh,28,15,,FAIL,nonconformant,retouch,,"{""A1"": ""PASS"", ""A2"": ""PASS"", ""A3"": ""PASS"", ""A4"": ""FAIL"", ""A5"": ""WARN"", ""A6"": ""WARN""}"
src/Presentation/assets/sprites_16bf/world_24x24/oryx_16bit_fantasy_world_5075.png,mural_gold_landscape,prop,fresh_pipeline,clean:no-op(0 partial-alpha at baseline);snap:applied fresh,43,25,,FAIL,nonconformant,redesign,,"{""A1"": ""PASS"", ""A2"": ""PASS"", ""A3"": ""PASS"", ""A4"": ""FAIL"", ""A5"": ""FAIL"", ""A6"": ""PASS""}"
src/Presentation/assets/sprites_16bf/world_24x24/oryx_16bit_fantasy_world_5076.png,mural_gold_landscape,prop,fresh_pipeline,clean:no-op(0 partial-alpha at baseline);snap:applied fresh,30,26,,FAIL,nonconformant,redesign,,"{""A1"": ""PASS"", ""A2"": ""PASS"", ""A3"": ""PASS"", ""A4"": ""FAIL"", ""A5"": ""FAIL"", ""A6"": ""WARN""}"
src/Presentation/assets/sprites_16bf/world_24x24/oryx_16bit_fantasy_world_5077.png,sign,prop,fresh_pipeline_own_art_after_rubric_reject,"clean:no-op(0 partial-alpha at baseline);snap:applied fresh (own original art, per 2026-07-16 rubric review)",18,10,,WARN,conformant (WARN),,13.5,"{""A1"": ""PASS"", ""A2"": ""PASS"", ""A3"": ""PASS"", ""A4"": ""WARN"", ""A5"": ""PASS"", ""A6"": ""WARN""}"
src/Presentation/assets/sprites_16bf/world_24x24/oryx_16bit_fantasy_world_5078.png,rubble,decal,fresh_pipeline,clean:no-op(0 partial-alpha at baseline);snap:applied fresh,11,10,,WARN,conformant (WARN),,14.1,"{""A1"": ""PASS"", ""A2"": ""PASS"", ""A3"": ""PASS"", ""A4"": ""WARN"", ""A5"": ""WARN"", ""A6"": ""EXEMPT""}"
src/Presentation/assets/sprites_16bf/world_24x24/oryx_16bit_fantasy_world_5079.png,rubble,decal,fresh_pipeline,clean:no-op(0 partial-alpha at baseline);snap:applied fresh,13,10,,WARN,conformant (WARN),,15.1,"{""A1"": ""PASS"", ""A2"": ""PASS"", ""A3"": ""PASS"", ""A4"": ""WARN"", ""A5"": ""WARN"", ""A6"": ""EXEMPT""}"
src/Presentation/assets/sprites_16bf/world_24x24/oryx_16bit_fantasy_world_5080.png,candelabra,prop,fresh_pipeline,clean:no-op(0 partial-alpha at baseline);snap:applied fresh,14,14,,FAIL,nonconformant,redesign,,"{""A1"": ""PASS"", ""A2"": ""PASS"", ""A3"": ""PASS"", ""A4"": ""FAIL"", ""A5"": ""FAIL"", ""A6"": ""WARN""}"
src/Presentation/assets/sprites_16bf/world_24x24/oryx_16bit_fantasy_world_5081.png,candelabra,prop,fresh_pipeline,clean:no-op(0 partial-alpha at baseline);snap:applied fresh,17,16,,FAIL,nonconformant,redesign,,"{""A1"": ""PASS"", ""A2"": ""PASS"", ""A3"": ""PASS"", ""A4"": ""FAIL"", ""A5"": ""FAIL"", ""A6"": ""WARN""}"
src/Presentation/assets/sprites_16bf/world_24x24/oryx_16bit_fantasy_world_5082.png,workbench,prop,fresh_pipeline,clean:no-op(0 partial-alpha at baseline);snap:applied fresh,35,32,,FAIL,nonconformant,redesign,,"{""A1"": ""PASS"", ""A2"": ""PASS"", ""A3"": ""PASS"", ""A4"": ""FAIL"", ""A5"": ""FAIL"", ""A6"": ""WARN""}"
src/Presentation/assets/sprites_16bf/world_24x24/oryx_16bit_fantasy_world_5083.png,workbench,prop,fresh_pipeline,clean:no-op(0 partial-alpha at baseline);snap:applied fresh,26,21,,FAIL,nonconformant,redesign,,"{""A1"": ""PASS"", ""A2"": ""PASS"", ""A3"": ""PASS"", ""A4"": ""FAIL"", ""A5"": ""WARN"", ""A6"": ""WARN""}"
src/Presentation/assets/sprites_16bf/world_24x24/oryx_16bit_fantasy_world_5084.png,water_barrel,prop,fresh_pipeline,clean:no-op(0 partial-alpha at baseline);snap:applied fresh,38,30,,FAIL,nonconformant,redesign,,"{""A1"": ""PASS"", ""A2"": ""PASS"", ""A3"": ""PASS"", ""A4"": ""FAIL"", ""A5"": ""FAIL"", ""A6"": ""WARN""}"
src/Presentation/assets/sprites_16bf/world_24x24/oryx_16bit_fantasy_world_5085.png,water_barrel,prop,fresh_pipeline,clean:no-op(0 partial-alpha at baseline);snap:applied fresh,32,25,,FAIL,nonconformant,redesign,,"{""A1"": ""PASS"", ""A2"": ""PASS"", ""A3"": ""PASS"", ""A4"": ""FAIL"", ""A5"": ""FAIL"", ""A6"": ""WARN""}"
src/Presentation/assets/sprites_16bf/world_24x24/oryx_16bit_fantasy_world_5086.png,vine,decal,fresh_pipeline_own_art_after_rubric_reject,"clean:no-op(0 partial-alpha at baseline);snap:applied fresh (own original art, per 2026-07-16 rubric review)",11,9,,WARN,conformant (WARN),,21.0,"{""A1"": ""PASS"", ""A2"": ""PASS"", ""A3"": ""PASS"", ""A4"": ""WARN"", ""A5"": ""PASS"", ""A6"": ""EXEMPT""}"
src/Presentation/assets/sprites_16bf/world_24x24/oryx_16bit_fantasy_world_5087.png,training_dummy,prop,fresh_pipeline,clean:no-op(0 partial-alpha at baseline);snap:applied fresh,16,10,,WARN,conformant (WARN),,13.5,"{""A1"": ""PASS"", ""A2"": ""PASS"", ""A3"": ""PASS"", ""A4"": ""WARN"", ""A5"": ""PASS"", ""A6"": ""WARN""}"
src/Presentation/assets/sprites_16bf/world_24x24/oryx_16bit_fantasy_world_5088.png,training_dummy,prop,fresh_pipeline,clean:no-op(0 partial-alpha at baseline);snap:applied fresh,21,17,,FAIL,nonconformant,retouch,,"{""A1"": ""PASS"", ""A2"": ""PASS"", ""A3"": ""PASS"", ""A4"": ""FAIL"", ""A5"": ""WARN"", ""A6"": ""WARN""}"
src/Presentation/assets/sprites_16bf/world_24x24/oryx_16bit_fantasy_world_5089.png,tool_rack,prop,fresh_pipeline,clean:no-op(0 partial-alpha at baseline);snap:applied fresh,19,16,,FAIL,nonconformant,retouch,,"{""A1"": ""PASS"", ""A2"": ""PASS"", ""A3"": ""PASS"", ""A4"": ""FAIL"", ""A5"": ""PASS"", ""A6"": ""WARN""}"
src/Presentation/assets/sprites_16bf/world_24x24/oryx_16bit_fantasy_world_5090.png,tool_rack,prop,fresh_pipeline,clean:no-op(0 partial-alpha at baseline);snap:applied fresh,16,15,,FAIL,nonconformant,retouch,,"{""A1"": ""PASS"", ""A2"": ""PASS"", ""A3"": ""PASS"", ""A4"": ""FAIL"", ""A5"": ""WARN"", ""A6"": ""WARN""}"
src/Presentation/assets/sprites_16bf/world_24x24/oryx_16bit_fantasy_world_5091.png,straw_pile,decal,fresh_pipeline,clean:no-op(0 partial-alpha at baseline);snap:applied fresh,17,10,,WARN,conformant (WARN),,15.9,"{""A1"": ""PASS"", ""A2"": ""PASS"", ""A3"": ""PASS"", ""A4"": ""WARN"", ""A5"": ""WARN"", ""A6"": ""EXEMPT""}"
src/Presentation/assets/sprites_16bf/world_24x24/oryx_16bit_fantasy_world_5092.png,straw_pile,decal,fresh_pipeline,clean:no-op(0 partial-alpha at baseline);snap:applied fresh,11,6,,PASS,conformant,,14.8,"{""A1"": ""PASS"", ""A2"": ""PASS"", ""A3"": ""PASS"", ""A4"": ""PASS"", ""A5"": ""PASS"", ""A6"": ""EXEMPT""}"
src/Presentation/assets/sprites_16bf/world_24x24/oryx_16bit_fantasy_world_5093.png,pillar,prop,fresh_pipeline,clean:no-op(0 partial-alpha at baseline);snap:applied fresh,14,8,,WARN,conformant (WARN),,19.6,"{""A1"": ""PASS"", ""A2"": ""PASS"", ""A3"": ""PASS"", ""A4"": ""PASS"", ""A5"": ""PASS"", ""A6"": ""WARN""}"
src/Presentation/assets/sprites_16bf/world_24x24/oryx_16bit_fantasy_world_5094.png,pillar,prop,fresh_pipeline,clean:no-op(0 partial-alpha at baseline);snap:applied fresh,26,25,,FAIL,nonconformant,redesign,,"{""A1"": ""PASS"", ""A2"": ""PASS"", ""A3"": ""PASS"", ""A4"": ""FAIL"", ""A5"": ""FAIL"", ""A6"": ""WARN""}"
src/Presentation/assets/sprites_16bf/world_24x24/oryx_16bit_fantasy_world_5095.png,pillar,prop,fresh_pipeline,clean:no-op(0 partial-alpha at baseline);snap:applied fresh,20,17,,FAIL,nonconformant,retouch,,"{""A1"": ""PASS"", ""A2"": ""PASS"", ""A3"": ""PASS"", ""A4"": ""FAIL"", ""A5"": ""WARN"", ""A6"": ""WARN""}"
src/Presentation/assets/sprites_16bf/world_24x24/oryx_16bit_fantasy_world_5096.png,shelf,prop,fresh_pipeline,clean:no-op(0 partial-alpha at baseline);snap:applied fresh,18,10,,WARN,conformant (WARN),,14.3,"{""A1"": ""PASS"", ""A2"": ""PASS"", ""A3"": ""PASS"", ""A4"": ""WARN"", ""A5"": ""PASS"", ""A6"": ""WARN""}"
src/Presentation/assets/sprites_16bf/world_24x24/oryx_16bit_fantasy_world_5097.png,shelf,prop,fresh_pipeline,clean:no-op(0 partial-alpha at baseline);snap:applied fresh,11,6,,WARN,conformant (WARN),,11.4,"{""A1"": ""PASS"", ""A2"": ""PASS"", ""A3"": ""PASS"", ""A4"": ""PASS"", ""A5"": ""PASS"", ""A6"": ""WARN""}"
src/Presentation/assets/sprites_16bf/world_24x24/oryx_16bit_fantasy_world_5098.png,shelf,prop,fresh_pipeline,clean:no-op(0 partial-alpha at baseline);snap:applied fresh,11,9,,WARN,conformant (WARN),,10.3,"{""A1"": ""PASS"", ""A2"": ""PASS"", ""A3"": ""PASS"", ""A4"": ""WARN"", ""A5"": ""PASS"", ""A6"": ""WARN""}"
src/Presentation/assets/sprites_16bf/world_24x24/oryx_16bit_fantasy_world_5099.png,shelf_bottles,prop,fresh_pipeline,clean:no-op(0 partial-alpha at baseline);snap:applied fresh,36,24,,FAIL,nonconformant,redesign,,"{""A1"": ""PASS"", ""A2"": ""PASS"", ""A3"": ""PASS"", ""A4"": ""FAIL"", ""A5"": ""WARN"", ""A6"": ""WARN""}"
src/Presentation/assets/sprites_16bf/world_24x24/oryx_16bit_fantasy_world_5100.png,shelf_bottles,prop,fresh_pipeline,clean:no-op(0 partial-alpha at baseline);snap:applied fresh,23,15,,FAIL,nonconformant,retouch,,"{""A1"": ""PASS"", ""A2"": ""PASS"", ""A3"": ""PASS"", ""A4"": ""FAIL"", ""A5"": ""WARN"", ""A6"": ""WARN""}"
src/Presentation/assets/sprites_16bf/world_24x24/oryx_16bit_fantasy_world_5101.png,shelf_bottles,prop,fresh_pipeline,clean:no-op(0 partial-alpha at baseline);snap:applied fresh,28,23,,FAIL,nonconformant,redesign,,"{""A1"": ""PASS"", ""A2"": ""PASS"", ""A3"": ""PASS"", ""A4"": ""FAIL"", ""A5"": ""WARN"", ""A6"": ""WARN""}"
src/Presentation/assets/sprites_16bf/world_24x24/oryx_16bit_fantasy_world_5102.png,sack,prop,fresh_pipeline_own_art_after_rubric_reject,"clean:no-op(0 partial-alpha at baseline);snap:applied fresh (own original art, per 2026-07-16 rubric review)",16,9,,WARN,conformant (WARN),,11.4,"{""A1"": ""PASS"", ""A2"": ""PASS"", ""A3"": ""PASS"", ""A4"": ""WARN"", ""A5"": ""PASS"", ""A6"": ""PASS""}"
src/Presentation/assets/sprites_16bf/world_24x24/oryx_16bit_fantasy_world_5104.png,rock,prop,fresh_pipeline,clean:no-op(0 partial-alpha at baseline);snap:applied fresh,20,19,,FAIL,nonconformant,redesign,,"{""A1"": ""PASS"", ""A2"": ""PASS"", ""A3"": ""PASS"", ""A4"": ""FAIL"", ""A5"": ""FAIL"", ""A6"": ""WARN""}"
src/Presentation/assets/sprites_16bf/world_24x24/oryx_16bit_fantasy_world_5105.png,rock,prop,fresh_pipeline,clean:no-op(0 partial-alpha at baseline);snap:applied fresh,16,15,,FAIL,nonconformant,redesign,,"{""A1"": ""PASS"", ""A2"": ""PASS"", ""A3"": ""PASS"", ""A4"": ""FAIL"", ""A5"": ""FAIL"", ""A6"": ""WARN""}"
src/Presentation/assets/sprites_16bf/world_24x24/oryx_16bit_fantasy_world_5106.png,nightstand,prop,fresh_pipeline,clean:no-op(0 partial-alpha at baseline);snap:applied fresh,16,10,,WARN,conformant (WARN),,17.5,"{""A1"": ""PASS"", ""A2"": ""PASS"", ""A3"": ""PASS"", ""A4"": ""WARN"", ""A5"": ""PASS"", ""A6"": ""WARN""}"
src/Presentation/assets/sprites_16bf/world_24x24/oryx_16bit_fantasy_world_5107.png,nightstand,prop,fresh_pipeline,clean:no-op(0 partial-alpha at baseline);snap:applied fresh,21,10,,WARN,conformant (WARN),,14.8,"{""A1"": ""PASS"", ""A2"": ""PASS"", ""A3"": ""PASS"", ""A4"": ""WARN"", ""A5"": ""PASS"", ""A6"": ""WARN""}"
src/Presentation/assets/sprites_16bf/world_24x24/oryx_16bit_fantasy_world_5108.png,mushroom_cluster,prop,fresh_pipeline,clean:no-op(0 partial-alpha at baseline);snap:applied fresh,20,16,,FAIL,nonconformant,retouch,,"{""A1"": ""PASS"", ""A2"": ""PASS"", ""A3"": ""PASS"", ""A4"": ""FAIL"", ""A5"": ""PASS"", ""A6"": ""WARN""}"
src/Presentation/assets/sprites_16bf/world_24x24/oryx_16bit_fantasy_world_5109.png,mushroom_cluster,prop,fresh_pipeline,clean:no-op(0 partial-alpha at baseline);snap:applied fresh,26,19,,FAIL,nonconformant,retouch,,"{""A1"": ""PASS"", ""A2"": ""PASS"", ""A3"": ""PASS"", ""A4"": ""FAIL"", ""A5"": ""WARN"", ""A6"": ""WARN""}"
src/Presentation/assets/sprites_16bf/world_24x24/oryx_16bit_fantasy_world_5110.png,puddle,decal,fresh_pipeline_own_art_after_rubric_reject,"clean:no-op(0 partial-alpha at baseline);snap:applied fresh (own original art, per 2026-07-16 rubric review)",11,6,,PASS,conformant,,24.1,"{""A1"": ""PASS"", ""A2"": ""PASS"", ""A3"": ""PASS"", ""A4"": ""PASS"", ""A5"": ""PASS"", ""A6"": ""EXEMPT""}"
src/Presentation/assets/sprites_16bf/world_24x24/oryx_16bit_fantasy_world_5111.png,chest_closed,prop,fresh_pipeline,clean:no-op(0 partial-alpha at baseline);snap:applied fresh,31,27,,FAIL,nonconformant,redesign,,"{""A1"": ""PASS"", ""A2"": ""PASS"", ""A3"": ""PASS"", ""A4"": ""FAIL"", ""A5"": ""FAIL"", ""A6"": ""WARN""}"
src/Presentation/assets/sprites_16bf/world_24x24/oryx_16bit_fantasy_world_5112.png,chest_open,prop,fresh_pipeline,clean:no-op(0 partial-alpha at baseline);snap:applied fresh,53,39,,FAIL,nonconformant,redesign,,"{""A1"": ""PASS"", ""A2"": ""PASS"", ""A3"": ""PASS"", ""A4"": ""FAIL"", ""A5"": ""FAIL"", ""A6"": ""WARN""}"
src/Presentation/assets/sprites_16bf/world_24x24/oryx_16bit_fantasy_world_5113.png,chest_empty,prop,fresh_pipeline,clean:no-op(0 partial-alpha at baseline);snap:applied fresh,40,31,,FAIL,nonconformant,redesign,,"{""A1"": ""PASS"", ""A2"": ""PASS"", ""A3"": ""PASS"", ""A4"": ""FAIL"", ""A5"": ""FAIL"", ""A6"": ""WARN""}"
src/Presentation/assets/sprites_16bf/world_24x24/oryx_16bit_fantasy_world_5114.png,chest_trapped,prop,fresh_pipeline,clean:no-op(0 partial-alpha at baseline);snap:applied fresh,42,35,,FAIL,nonconformant,redesign,,"{""A1"": ""PASS"", ""A2"": ""PASS"", ""A3"": ""PASS"", ""A4"": ""FAIL"", ""A5"": ""FAIL"", ""A6"": ""WARN""}"
